0,350.0,350.0,20.87025557378402,349.7207863361014,348.35688785907047,92,116,32
1,350.0,350.0,22.52001064078821,351.4700998335828,349.2147712071774,82,111,2
2,350.0,350.0,10.506552730447195,351.33582769833924,350.9966655096508,0,7,0
3,350.0,350.0,19.54116606995642,351.5825150892918,349.4771006120279,100,120,54
4,350.0,350.0,14.729242039921267,350.89525856335604,348.59419422304666,79,107,4
5,350.0,350.0,12.643151496800286,351.2144264358552,348.858533307681,37,42,1
6,350.0,350.0,16.10264946823868,349.4145182792372,351.56044510715066,84,106,35
7,350.0,350.0,22.405440373794903,348.53347752834026,349.20811009736536,79,100,3
8,350.0,350.0,14.984030783920579,350.4692891775592,351.5992327677995,13,16,0
9,350.0,350.0,10.779014522146257,348.97586130369126,351.3148831539345,93,114,50
10,350.0,350.0,24.730222334839585,351.0967998579852,351.25491348279525,56,81,0
11,350.0,350.0,16.202147042491433,350.8013147880772,351.46139398800824,46,67,2
12,350.0,350.0,21.930945328795374,351.62846903129076,350.3547765379851,49,71,0
13,350.0,350.0,14.161785727574244,348.33694299486194,350.1096320000683,47,68,1
14,350.0,350.0,20.87999591751958,349.0818840089245,351.39098555158176,184,183,189
15,350.0,350.0,23.19199849628616,351.3554950651493,349.0302521430115,70,92,22
16,350.0,350.0,11.125206288596303,350.93300272263554,351.3810444226499,75,93,38
17,350.0,350.0,16.725742318031294,348.9346466760622,348.7182823739402,114,130,73
18,350.0,350.0,22.664812695557313,351.5009890107967,349.2755624476565,81,108,0
19,350.0,350.0,19.920059724076154,351.6636819936658,350.0996995573204,62,87,0
20,350.0,350.0,11.545460006954496,351.1602603715604,351.19648386866027,71,96,4
21,350.0,350.0,23.46534919417039,351.2485723575957,348.89598693593524,62,90,0
22,350.0,350.0,20.130103282139178,348.36077612912584,350.3012023886594,45,75,106
23,350.0,350.0,24.633254937986468,349.9908077507762,351.66664131724013,47,39,18
24,350.0,350.0,23.066178455176583,351.5286130749243,349.335831463446,53,77,4
25,350.0,350.0,17.713303007596508,351.6647257540062,350.08041107962345,11,15,2
26,350.0,350.0,11.808983987560985,349.47413899748125,348.4184665720233,45,66,1
27,350.0,350.0,16.356535494049517,348.54715437171257,350.81671130648715,27,14,18
28,350.0,350.0,20.18205793582389,348.4959981219897,350.71816163133326,55,79,1
29,350.0,350.0,24.938271922994133,349.90445994199075,348.3360739574448,113,131,83
30,350.0,350.0,19.645068042711472,349.32826641129105,351.52530382664503,60,84,0
31,350.0,350.0,26.625736392514682,350.89524673367623,351.40581331037225,53,76,1
32,350.0,350.0,26.096427554984846,348.8406489861438,351.1973650255659,65,89,2
33,350.0,350.0,17.193344983415077,350.38450233848306,351.62170765845104,46,66,5
34,350.0,350.0,16.782869099956294,351.589834201023,349.4997950509687,61,88,4
35,350.0,350.0,14.214395432322135,351.416623636191,350.8780405748955,121,133,92
36,350.0,350.0,13.91195045414181,350.43634356983216,351.6085341360518,21,8,5
37,350.0,350.0,11.000854036897497,348.4957994837534,349.2822545125874,105,118,75
38,350.0,350.0,14.046078784272918,348.8768559549991,348.76860841648295,112,134,61
39,350.0,350.0,25.903742089871407,349.9266909531766,348.3349463788119,129,146,102
40,350.0,350.0,18.040540030058093,348.6329985464861,349.0465406123654,70,95,1
41,350.0,350.0,17.327870100908417,348.90698042586473,351.25820745043694,67,92,3
42,350.0,350.0,10.9209101829469,350.2274349202744,351.65107575078116,46,68,0
43,350.0,350.0,23.61007268464888,349.3884936640365,348.449568518491,116,133,79
44,350.0,350.0,17.62643031316324,351.62092908966747,349.6122285930505,84,113,0
45,350.0,350.0,24.86626121919986,348.6388827641959,349.0381592396999,10,3,6
46,350.0,350.0,21.086463197974872,348.50854510160895,350.7438683108206,68,94,2
47,350.0,350.0,24.427827485043192,351.6552471570128,349.80523186354355,54,77,0
48,350.0,350.0,24.699056698513665,348.3334861669485,349.97742962061267,86,107,35
49,350.0,350.0,16.63716987899282,350.5488543408573,351.5737015887073,66,92,18
50,350.0,350.0,22.41859039606292,349.3854647800423,348.45076656335806,117,135,84
51,350.0,350.0,13.700915273040973,348.45409197871777,349.3771467528277,86,110,12
52,350.0,350.0,15.331281766085397,351.66639938246107,350.02984754447505,38,35,2
53,350.0,350.0,24.496238164820852,348.54005155714304,349.1960545279826,60,86,1
54,350.0,350.0,13.159024336672294,351.37121964403957,349.0526170438636,79,107,4
55,350.0,350.0,26.00713416289452,351.38129164983116,350.93263666874327,54,78,1
56,350.0,350.0,20.529485675645752,351.6496196756563,350.2377660687846,115,134,77
57,350.0,350.0,25.890006381519264,350.16325260451487,348.3413480277958,66,92,2
58,350.0,350.0,12.22493079616676,348.49636058476733,350.7189202227901,105,124,69
59,350.0,350.0,25.907482886561997,348.3338346090767,350.04087380416877,124,145,84
60,350.0,350.0,11.24543225869376,348.87797613942143,348.7675876363529,62,88,1
61,350.0,350.0,15.933150194396756,350.3634432089066,348.37344326515256,9,23,0
62,350.0,350.0,17.449137741131068,348.3353463603529,349.9181095989298,132,148,109
63,350.0,350.0,23.89077029696285,350.15127828039084,348.34021306799343,110,129,74
64,350.0,350.0,25.125116019097057,350.3303486752229,348.36640043751345,113,185,201
65,350.0,350.0,13.580704131718033,351.66570421267124,350.05663262016793,60,86,0
66,350.0,350.0,14.2690612851882,349.20306629229157,351.46378770431227,125,144,89
67,350.0,350.0,10.749474950583851,349.12098671602394,348.5839797231779,144,160,120
68,350.0,350.0,17.51120370163446,348.72840830136704,348.9225807084772,99,119,60
69,350.0,350.0,26.065865963792863,349.15525073997077,351.43672421343064,112,128,73
70,350.0,350.0,19.902662630326496,348.39056405392495,349.5669945574715,118,137,81
71,350.0,350.0,16.199075760563353,350.68999032760405,351.51713253395695,86,112,1
72,350.0,350.0,21.337867980804234,348.3558018605083,350.27274577149745,67,114,139
73,350.0,350.0,22.74111938944017,348.77494837180234,351.1300558773919,9,17,1
74,350.0,350.0,10.421368152269208,350.17566211649705,348.34261633934517,61,87,0
75,350.0,350.0,23.38536665530301,348.94901880261494,351.29352862377334,124,141,97
76,350.0,350.0,13.781373198276295,349.2852895020919,351.5056449388743,18,15,17
77,350.0,350.0,24.81249160967114,351.3388568512195,349.00740737977736,109,125,84
78,350.0,350.0,14.736252037391067,351.0503716014605,351.2940236769948,128,146,96
79,350.0,350.0,16.794532534121036,348.7521844784994,348.8951315906046,118,137,81
80,350.0,350.0,26.496810387377874,348.3812528707002,349.6032185624787,53,77,0
81,350.0,350.0,20.14171133479166,351.3091282673635,351.0314848313802,77,101,16
82,350.0,350.0,18.69419201438113,350.0494467119983,348.3340669880063,57,81,0
83,350.0,350.0,22.0493498251809,350.64402000406443,351.53721046449164,73,98,1
84,350.0,350.0,25.984473046758406,348.4918381633247,349.2906160051327,88,111,33
85,350.0,350.0,21.29204064349163,350.3148295882792,351.63666126859584,23,18,22
86,350.0,350.0,15.105478559591491,351.36298278188667,349.04080465281663,57,85,0
87,350.0,350.0,15.0261384429411,350.849038332851,351.43419374114075,131,143,107
88,350.0,350.0,16.44546971108321,351.3847646974594,349.07252789236117,60,85,5
89,350.0,350.0,24.173327878168976,351.5075460038109,349.2893082073278,130,148,103
90,350.0,350.0,19.859741280326595,351.557810543842,349.40754402081456,80,106,2
91,350.0,350.0,13.632923816814705,350.35115894975934,348.3707470516271,106,114,37
92,350.0,350.0,21.28551521718498,350.7771453159535,351.4743890041876,96,158,190
93,350.0,350.0,13.8188913219539,348.4031030126536,349.52282310451795,119,140,75
94,350.0,350.0,26.726912387291474,348.74197347826816,351.0932278117561,39,60,0
95,350.0,350.0,19.78640528995841,349.93702019660964,348.3345236951122,77,101,14
96,350.0,350.0,21.15298618890033,349.6757855608398,348.3651719432253,58,82,0
97,350.0,350.0,23.66986755494343,351.5594218224895,350.5882017998282,12,26,0
98,350.0,350.0,25.596990245742482,349.470883702792,351.5804473169982,90,101,58
99,350.0,350.0,21.348821453968004,348.4147776816116,350.51463383007837,67,92,0
100,350.0,350.0,25.15424073877743,351.57134957570884,349.4444477624045,84,112,2
101,350.0,350.0,12.705684428230988,349.9813939217683,351.6665628075865,81,107,17
102,350.0,350.0,24.277669093312653,351.1654936130174,351.1913867616326,2,18,0
103,350.0,350.0,14.668156597598152,350.2266951837707,348.3488225197051,104,123,68
104,350.0,350.0,15.43506266311896,349.02740856330263,348.6465438037968,81,106,12
105,350.0,350.0,16.51159997133275,351.43386534763675,349.1504071901056,111,127,74
106,350.0,350.0,15.62498364764742,349.55349223621045,348.39425761883996,56,79,0
107,350.0,350.0,17.142439802148235,351.2176756568982,348.86200010001085,66,92,1
108,350.0,350.0,10.100233420927882,348.99137901987166,351.326823837675,124,142,90
109,350.0,350.0,26.20831575399181,349.48628479624296,351.58552025127614,46,67,0
110,350.0,350.0,25.26279290578632,351.5330466863639,349.34613026128557,54,77,0
111,350.0,350.0,10.493421939094159,349.10248889437145,351.4043687525188,97,118,51
112,350.0,350.0,25.63220755137259,351.3964932693433,350.9097166187647,49,72,0
113,350.0,350.0,21.27099586621474,348.88334578879125,351.23727973812214,110,129,74
114,350.0,350.0,13.089393450728346,349.60237933007,348.38145881095903,63,87,2
115,350.0,350.0,15.556378682982245,350.0237866176131,348.33350308293103,58,83,0
116,350.0,350.0,11.392405956947924,348.33333361282683,350.0009652175405,71,96,0
117,350.0,350.0,15.949325843243127,348.4161669617891,350.51889371247813,99,118,62
118,350.0,350.0,13.38913160016306,348.8305643697257,348.8124823856369,66,93,0
119,350.0,350.0,21.38080035853848,350.5203539908425,351.58335387768875,112,130,84
120,350.0,350.0,23.037267672056092,348.37641376971726,350.37649107640704,17,6,4
121,350.0,350.0,22.21207288613214,351.4670965951132,350.7908257446397,37,56,1
122,350.0,350.0,25.791081862921068,348.44476961149013,350.5991963087613,132,147,93
123,350.0,350.0,13.37160621055916,350.54290289919913,351.57576464607473,106,127,61
124,350.0,350.0,15.12690565329034,349.66063340142654,351.6317500082888,22,11,5
125,350.0,350.0,15.902464010243634,351.66549787980534,350.0624066514222,56,80,1
126,350.0,350.0,15.800929972641814,351.52338424027795,349.3239243871795,111,136,51
127,350.0,350.0,16.157196654416225,349.25397691126864,348.5096217497368,74,98,15
128,350.0,350.0,18.86969469795416,351.6262390701228,349.63513801981566,100,113,40
129,350.0,350.0,24.037488173152845,349.0059010438983,351.33773877990257,58,76,1
130,350.0,350.0,24.122427321140258,349.93575400683216,348.3345720579564,65,91,0
131,350.0,350.0,17.90004393225494,351.6656003399916,349.9403905611697,6,4,7
132,350.0,350.0,15.525240854108912,349.5066072891121,351.59196149784486,16,7,10
133,350.0,350.0,15.785760333792823,348.33672223295537,349.89376983746234,63,89,0
134,350.0,350.0,26.11706382220953,351.6623763629741,349.8804901443278,71,89,42
135,350.0,350.0,22.88879910920193,349.5558408915861,351.60639362056463,94,115,48
136,350.0,350.0,11.581906959429418,350.57642974827166,348.43618846305407,117,194,211
137,350.0,350.0,19.886444950650244,350.9260147691546,348.61426033286,6,21,1
138,350.0,350.0,26.942734887308642,350.4865133620491,351.59407732758655,123,144,77
139,350.0,350.0,14.605579258595338,350.2990809070504,351.6396122678291,70,90,33
140,350.0,350.0,15.364315048101771,349.6505922216332,348.37037059973915,46,22,12
141,350.0,350.0,18.231375982616047,350.34309105952127,348.3690290307138,19,9,11
142,350.0,350.0,11.708943837543444,351.06946616807,348.7217121243118,101,121,63
143,350.0,350.0,15.138549009267404,348.4010255889667,349.5298312955561,134,151,109
144,350.0,350.0,10.926942344062793,348.66774352463494,348.9985657976553,58,81,4
145,350.0,350.0,10.208511857383636,351.55142796413935,349.39102623220356,45,66,0
146,350.0,350.0,13.134182396631388,348.7435137116697,348.9050022899495,21,11,22
147,350.0,350.0,11.110838396936852,351.1451362452986,351.21096686886193,73,93,7
148,350.0,350.0,10.911354262973063,348.5663952443723,349.14996754037304,74,94,24
149,350.0,350.0,14.219246238571975,351.3718003776978,350.94654186464516,94,95,115
150,350.0,350.0,20.513111992453645,348.6012409855063,350.9062289981844,125,143,93
151,350.0,350.0,15.055003252795586,351.5140999465244,350.6966197884876,42,63,0
152,350.0,350.0,11.023915174333194,350.1531574832246,348.3403854173001,121,134,91
153,350.0,350.0,11.380186912938733,348.5152976479559,349.24274396429445,119,136,91
154,350.0,350.0,10.045487284249058,350.42724298004094,348.38902476313774,47,68,0
155,350.0,350.0,13.935095987452438,350.63891893412,351.5393376411304,58,82,7
156,350.0,350.0,25.706487756203327,348.74826695982813,348.8995718224619,99,157,168
157,350.0,350.0,13.821760654522405,348.4983001077888,349.2770371990824,66,89,6
158,350.0,350.0,12.82068741675232,348.53351371711545,350.79195691795024,44,64,1
159,350.0,350.0,17.465608627453534,348.4402752021119,350.5873979337984,119,137,88
160,350.0,350.0,18.508027011004735,351.36034363774536,350.96293455905555,56,78,4
161,350.0,350.0,25.120189117971712,348.35529391273457,349.7303341618043,19,7,5
162,350.0,350.0,13.891715067271058,348.3333393481077,350.00447763460227,50,71,2
163,350.0,350.0,21.428786933155067,349.8628779961588,351.66101635568117,91,112,44
164,350.0,350.0,12.978242374945534,349.30450886041757,348.485381284765,94,115,50
165,350.0,350.0,19.950603629723524,350.96228822610016,348.63919907859866,111,179,209
166,350.0,350.0,15.666242692306565,351.4163687416236,349.1215483134917,120,138,89
167,350.0,350.0,18.42297335639374,351.5999798953879,349.5332644087576,80,109,2
168,350.0,350.0,15.346791671892856,348.89851610691875,351.250804145764,117,132,93
169,350.0,350.0,24.023762455567915,351.4251416516197,349.1358535710909,65,89,11
170,350.0,350.0,13.18890320370696,349.89544804487673,351.66338410069886,103,121,70
171,350.0,350.0,13.460490051954656,351.54225664893755,349.36815966685754,69,89,29
172,350.0,350.0,21.87025049507693,349.4918112754267,351.5873002230184,55,78,11
173,350.0,350.0,22.066308026704405,351.577650241823,350.5373988204804,70,97,3
174,350.0,350.0,11.584556421785884,350.9989435153201,351.3341250432316,96,117,52
175,350.0,350.0,12.617509115281576,351.437177088381,349.15602144908155,56,104,139
176,350.0,350.0,18.20249280828356,351.5809503504037,350.5276113790814,56,79,0
177,350.0,350.0,16.52096222520155,348.90547768111225,351.2569004221633,87,110,31
178,350.0,350.0,14.696205847974696,350.17948297074344,348.3430257572941,54,78,2
179,350.0,350.0,10.043609409095813,348.33337297188734,350.0114946484155,71,138,178
180,350.0,350.0,18.323885893146915,351.65860667114424,349.83628778844053,11,23,2
181,350.0,350.0,15.65147924708274,348.4794802611039,350.6824935907429,83,103,42
182,350.0,350.0,24.783228614979166,349.8281721936722,348.3422144340264,51,101,148
183,350.0,350.0,23.1842560766874,350.46269309010694,351.60115360979046,39,53,1
184,350.0,350.0,23.793951343602906,348.3738741042826,350.36536604803274,76,68,58
185,350.0,350.0,12.146186586759608,348.82749904298277,351.1844911496383,85,114,9
186,350.0,350.0,17.485205566101513,350.287127959676,351.64174763972727,56,74,0
187,350.0,350.0,16.969636535688196,349.6720225006816,351.6340772740965,74,68,41
188,350.0,350.0,14.505387252237952,349.0006288132325,351.33380471165634,10,5,7
189,350.0,350.0,24.60881713086053,348.8410253849218,351.19772935982303,17,7,5
190,350.0,350.0,10.610284697240672,348.3335513110539,350.026954496611,104,122,71
191,350.0,350.0,22.695028234544758,351.56339310238434,349.42243633667374,136,176,196
192,350.0,350.0,21.798019767484988,349.52352804076475,351.5971074634602,87,108,51
193,350.0,350.0,14.98725219140855,349.93924911266333,348.3344409024398,85,93,12
194,350.0,350.0,17.004879732584783,348.53431500516893,349.2065611090293,97,112,54
195,350.0,350.0,24.804273176962532,348.9629851515984,348.6952479231776,20,10,8
196,350.0,350.0,17.839548527034957,350.83175437100164,351.44428613650393,117,136,86
197,350.0,350.0,25.28144503890546,349.0891289577243,348.60425943595476,106,160,181
198,350.0,350.0,17.509406321264844,351.0709130267459,351.2770759832225,56,78,7
199,350.0,350.0,17.21325195383526,349.4771796894934,348.417458783886,18,10,8
200,350.0,350.0,16.539785232444874,351.22468300511787,348.8695446427421,53,76,0
201,350.0,350.0,16.10230567881318,348.3493111628291,350.2302262813346,120,138,86
202,350.0,350.0,21.189906870787574,348.89728423796856,351.2497182586268,22,9,21
203,350.0,350.0,23.231297468091324,349.1711546980252,351.44595755234104,137,199,210
204,350.0,350.0,25.34989361364618,349.6774641861268,348.3648399385543,83,103,42
205,350.0,350.0,13.2322438177105,348.63099754794865,350.95058406469667,99,161,182
206,350.0,350.0,20.987790351138887,351.4626560089261,350.79900887187205,130,146,84
207,350.0,350.0,22.45011605496705,350.02637921917284,351.6664578946297,51,118,153
208,350.0,350.0,12.985881197553212,351.63544937460733,350.3210656021348,22,16,18
209,350.0,350.0,25.529278566188847,348.3682085891431,350.3391674648774,18,14,13
210,350.0,350.0,15.017404635932362,348.37842695795,350.38506966522255,44,65,0
211,350.0,350.0,12.392869255100006,351.1082614744031,348.75519709104947,41,24,12
212,350.0,350.0,23.441593466011938,348.8110850375789,348.8319850215391,86,108,37
213,350.0,350.0,16.265956196472665,349.2675458586075,351.49709342010937,8,22,1
214,350.0,350.0,25.984962160252422,348.3538931659237,349.73902094224803,130,144,95
215,350.0,350.0,25.03199236865249,350.99942383921444,351.33376525947693,69,91,18
216,350.0,350.0,20.801866680424965,348.7614902493912,348.8847101832148,15,14,15
217,350.0,350.0,10.770895787227495,348.75760540176003,348.8890394066206,67,92,1
218,350.0,350.0,13.991600551332594,351.5964690298885,349.5213932570631,128,144,107
219,350.0,350.0,21.398265720452912,350.0809268541206,351.6647007605152,19,15,16
220,350.0,350.0,12.626889340967196,351.2456578913261,351.1073004089021,4,19,0
221,350.0,350.0,25.96390211713214,349.6596597845032,348.3684527847796,68,88,0
222,350.0,350.0,17.559829616244418,348.3452859781521,350.1992467908845,61,84,6
223,350.0,350.0,16.244694294452067,350.26983684854645,348.35532196070346,99,127,10
224,350.0,350.0,26.459516890918575,351.0485596582438,351.29549234690194,6,21,0
225,350.0,350.0,20.151481311832267,349.9326719741786,348.33469380751865,154,206,184
226,350.0,350.0,12.14070605023673,349.1987493816938,351.4614291718868,69,94,5
227,350.0,350.0,19.421532403839194,350.7896715944384,348.53228185583373,47,32,27
228,350.0,350.0,12.508421059004544,348.9505403830436,351.2947634108807,91,115,29
229,350.0,350.0,12.459695665448637,349.4997954011034,351.5898343111848,34,28,33
230,350.0,350.0,11.868747914120405,351.04812612532186,348.70415687554566,38,70,110
231,350.0,350.0,23.403336085713185,349.2363242879923,348.5185894611326,14,33,71
232,350.0,350.0,10.890783303640001,350.0453875218505,351.66604854390204,126,143,98
233,350.0,350.0,18.096181412195254,348.70951941692346,348.9452784052271,77,126,163
234,350.0,350.0,18.565257726358965,351.609085490838,349.5656940468375,13,8,12
235,350.0,350.0,26.38844511307449,351.49101827257044,349.25525689755534,105,122,75
236,350.0,350.0,11.835351104546863,350.7295792777017,348.5015034683637,71,128,156
237,350.0,350.0,12.521675036226197,351.59032818978005,350.49863215557036,77,97,37
238,350.0,350.0,15.528152536417355,351.5966843642685,349.52211212750467,3,20,1
239,350.0,350.0,20.29225545610032,350.3036580895635,351.6387707412632,19,29,0
240,350.0,350.0,13.655392127567447,350.8835782153823,348.5868236787012,124,139,96
241,350.0,350.0,17.709481349426603,351.493305887964,349.2598545394655,0,19,0
242,350.0,350.0,21.30683367202525,348.47941836178217,349.31764433079763,68,155,181
243,350.0,350.0,24.140122104072525,350.0566532664063,351.66570351058743,6,21,0
244,350.0,350.0,16.33499660939036,351.42669950212746,350.8615719983884,42,30,34
245,350.0,350.0,19.54696903786523,351.00987210918765,348.6741281732902,118,135,94
246,350.0,350.0,21.31078884004956,351.3458329606672,350.9831131266337,114,131,85
247,350.0,350.0,15.977985156783532,349.0608587255699,348.6231225746496,88,109,44
248,350.0,350.0,18.197219735474604,351.12216030133806,348.767711869781,93,112,44
249,350.0,350.0,22.964295742926446,349.06185093739253,351.3775536701365,191,200,206
250,350.0,350.0,26.56729223613704,348.4960627686067,350.71829700111226,52,126,184
251,350.0,350.0,24.10083342931427,350.2428196119111,348.35111661605526,79,101,28
252,350.0,350.0,22.960961805676966,349.3037134706861,348.4857467692378,88,110,36
253,350.0,350.0,12.435275335814495,350.094521049925,351.6639842393781,58,82,0
254,350.0,350.0,26.520775418886323,351.18732237337514,348.83036614299147,49,9,0
255,350.0,350.0,17.711978441441296,350.2958698612246,351.64019474544847,84,104,49
256,350.0,350.0,23.2062055394346,348.7613632714769,351.1151487938976,52,94,132
257,350.0,350.0,12.644858357876302,351.56133078931106,349.4168842789574,108,186,216
258,350.0,350.0,17.20825114292092,350.24174681631814,348.35095898941904,64,89,0
259,350.0,350.0,22.8340334423623,348.72177060771907,348.93046393305934,101,119,65
260,350.0,350.0,21.529704179870087,350.8291045952526,351.4458088905207,102,113,67
261,350.0,350.0,10.772095164275267,348.3352769809466,349.9195323194598,100,183,213
262,350.0,350.0,15.124129154313426,350.4088729192139,348.3842646523297,45,49,13
263,350.0,350.0,12.039733842994334,348.85288697456576,348.79090551045135,82,99,27
264,350.0,350.0,19.053899913746204,349.16647741215166,351.44326639028435,84,106,29
265,350.0,350.0,23.705403171634984,351.5346182878513,349.34982733957037,62,115,161
266,350.0,350.0,17.815822256056677,351.5048386611977,349.2835934244143,23,8,7
267,350.0,350.0,16.875189036588985,351.37865775875946,349.0634742064469,101,121,61
268,350.0,350.0,26.425394747563146,348.58239063312135,349.12355179233697,117,189,203
269,350.0,350.0,24.356234116849848,351.3511250104719,349.0241726669871,34,46,1
270,350.0,350.0,11.337000487208618,350.83093152003676,348.5552403013694,16,2,1
271,350.0,350.0,12.858256036776671,351.6634093262383,350.1041498495494,12,24,0
272,350.0,350.0,25.40068643686086,349.85638604087904,348.3395323524611,36,76,106
273,350.0,350.0,12.489551710720804,349.0448287176685,348.6341941575806,9,23,0
274,350.0,350.0,22.905590460774697,351.62410116271496,349.62573646845345,73,143,172
275,350.0,350.0,19.583503215893444,351.0380465655366,351.3039314037001,17,28,0
276,350.0,350.0,26.77104311150961,351.54871141509545,349.38415039942305,62,120,135
277,350.0,350.0,17.971658419948348,348.4360656831065,349.42390345408035,8,22,0
278,350.0,350.0,18.62472704992623,348.37964601010077,349.609832439591,141,196,190
279,350.0,350.0,16.268539191326816,351.25012702250933,351.1022523328937,9,23,0
280,350.0,350.0,18.620152894677236,348.4017744828722,350.4727081278965,94,113,57
281,350.0,350.0,22.56165777318109,350.96401021904285,351.35958158098686,81,102,42
282,350.0,350.0,15.465954968967282,348.3917914336869,350.43754198086003,69,94,4
283,350.0,350.0,17.658892853256553,351.0121601217664,351.32412600068255,98,116,67
284,350.0,350.0,10.665416145411454,351.6496714463231,350.23740660682466,69,95,2
285,350.0,350.0,12.698685535686202,351.4002660975584,349.09610142504465,132,186,178
286,350.0,350.0,15.752241496304134,348.47422637285354,349.329334199111,95,115,47
287,350.0,350.0,11.606601107756603,350.2738135844238,351.6440206503456,110,186,184
288,350.0,350.0,21.161589468978125,348.5471311871593,349.1833299378251,0,17,0
289,350.0,350.0,21.281405802103002,348.85111019539164,348.7925936911525,52,56,4
290,350.0,350.0,22.050178244307915,351.1908804026379,348.83398900331485,15,3,0
291,350.0,350.0,23.45825328368024,351.0130107748414,351.3234753295143,75,96,27
292,350.0,350.0,17.197908227475764,350.6024848242139,348.4460406007975,128,172,191
293,350.0,350.0,26.169878331134285,349.7552476997681,348.35140238708505,83,106,26
294,350.0,350.0,12.338611004010348,351.66472169072154,350.08049515649424,43,15,9
295,350.0,350.0,19.176102893032407,348.81122074611466,351.1681530992595,89,109,24
296,350.0,350.0,20.506534913389636,349.1269130586851,348.5803180036772,20,9,7
297,350.0,350.0,24.132865963715133,351.41201051890505,349.1145599555705,75,122,138
298,350.0,350.0,21.49816967720506,349.9749607195291,351.6664785663822,108,128,80
299,350.0,350.0,23.324606110392324,350.6083566252992,348.44832993383505,100,161,176
300,350.0,350.0,23.746605808543368,350.7256350785892,351.5004104473438,92,113,47
301,350.0,350.0,19.697129687186155,349.7070161250003,351.64071271914617,87,111,31
302,350.0,350.0,18.549413755288843,349.47244675879625,351.5809697515997,39,49,67
303,350.0,350.0,12.35277508825833,348.82804565409754,351.1850319780066,56,78,3
304,350.0,350.0,19.42719267221533,350.36421603007915,348.37361613964873,137,198,193
305,350.0,350.0,22.972986114958744,348.99803268026693,348.6681444267621,121,139,89
306,350.0,350.0,17.437033523314675,348.4898573401136,350.70515737574596,135,202,211
307,350.0,350.0,17.05324739892309,349.8512664626219,348.3399830986894,47,52,74
308,350.0,350.0,26.90693097105095,350.69714683290096,348.4861426516498,98,117,63
309,350.0,350.0,11.684413114681817,348.38136760310493,349.60275078162516,172,225,209
310,350.0,350.0,25.59573491741677,351.58050740013084,349.47106320234883,134,199,198
311,350.0,350.0,10.089270371195505,349.6431223307642,348.3719901391642,121,185,194
312,350.0,350.0,12.541833522391856,348.7237692934095,348.92807977846616,86,143,173
313,350.0,350.0,14.897726826666918,349.87904519036886,348.33772814744253,68,82,10
314,350.0,350.0,20.862179446937773,349.13643307102666,351.4254928751002,114,193,217
315,350.0,350.0,18.497096778039364,351.4847851861121,350.7570936064185,59,126,162
316,350.0,350.0,22.215253572469997,351.2515029062484,351.1006898988496,91,176,200
317,350.0,350.0,14.08959205971124,351.648555137697,350.24503823324255,124,141,98
318,350.0,350.0,16.130263881016884,349.6220086789209,351.62323761013806,94,104,34
319,350.0,350.0,18.62958401009875,348.39529663562513,349.5497724018435,106,174,181
320,350.0,350.0,16.576982465965077,351.03874860047745,348.69662778808816,104,121,76
321,350.0,350.0,11.148512481612283,350.154897670808,351.65945306934424,93,116,36
322,350.0,350.0,15.652816342323742,350.8801628082179,348.5846939522465,120,188,200
323,350.0,350.0,20.927525475446245,349.3719041350691,351.5437854003178,91,111,52
324,350.0,350.0,11.07270912954782,349.5008425439026,348.4098366084581,32,22,15
325,350.0,350.0,23.448856624893747,351.6588870949292,350.16084583940915,116,133,89
326,350.0,350.0,26.8150859390341,348.3772588143561,349.61988314666047,55,126,151
327,350.0,350.0,20.997308479612755,348.8915568661702,351.2446411518359,129,146,102
328,350.0,350.0,15.642719668482858,348.7192454840332,351.06651096928647,101,123,49
329,350.0,350.0,22.63623099383356,351.6661924385876,349.9602440523778,25,35,3
330,350.0,350.0,18.457897672391667,350.23917519035246,351.649415959089,83,104,35
331,350.0,350.0,11.341759102942953,350.4525662313357,348.3959546190857,136,206,206
332,350.0,350.0,11.744164432295943,351.57135708400705,349.4444689996781,83,159,182
333,350.0,350.0,22.200269492298162,351.57554844879775,349.456469997821,77,99,24
334,350.0,350.0,22.355844727088748,351.06664942766855,351.28063920611237,128,197,211
335,350.0,350.0,23.455123090106056,351.08885832353565,348.7381896620154,119,188,201
336,350.0,350.0,23.618631584556887,349.0316656367749,351.3565051930513,77,95,15
337,350.0,350.0,21.52751082392263,348.4798476344316,349.3166885313163,32,26,33
338,350.0,350.0,23.23476134961671,348.416639123694,350.52033269468797,157,216,222
339,350.0,350.0,10.55055050765434,351.1561897535234,348.799582142908,119,135,96
340,350.0,350.0,22.972436020575852,351.1174204650438,348.76341224246755,50,64,4
341,350.0,350.0,15.344552502352986,348.3553760781178,349.7298335080907,95,151,163
342,350.0,350.0,13.162816841034198,348.7691226014032,348.8762924724817,66,126,150
343,350.0,350.0,23.174396220035298,350.5745951739811,351.56448654957956,69,163,199
344,350.0,350.0,26.97669033967259,348.9965692829456,351.33075338581176,67,91,7
345,350.0,350.0,17.684725649171753,350.8226717356552,351.44947886950166,125,197,211
346,350.0,350.0,22.062188275932996,348.70696722117583,351.05159118038523,35,87,151
347,350.0,350.0,24.473154862803142,349.7314348712657,348.3551138187079,123,198,200
348,350.0,350.0,26.747253294413284,348.3560097799674,349.72600376970667,7,11,3
349,350.0,350.0,19.418364433413117,348.857342962772,348.78669349583413,109,185,208
350,350.0,350.0,25.032189596188537,348.33333872836596,350.0042406854268,118,177,187
351,350.0,350.0,22.22078421814223,349.2588844686202,351.49282468727085,119,132,87
352,350.0,350.0,11.253762119491064,351.628408992433,349.64494798811836,142,203,186
353,350.0,350.0,18.795120200937625,349.30902271915585,348.48331671891094,123,201,211
354,350.0,350.0,26.426498436879815,349.18434506859717,351.4534389600723,30,128,196
355,350.0,350.0,18.80773625970828,350.73474329909106,348.50402872279625,63,144,162
356,350.0,350.0,22.05864625299718,349.0551235524444,351.3729480240098,57,149,193
357,350.0,350.0,14.260290252693984,351.17834570818184,351.17867687250885,37,135,169
358,350.0,350.0,20.445280731239365,351.3969750984368,350.9089765410203,2,0,1
359,350.0,350.0,19.870990519384314,349.0846993736358,351.3928397399396,86,90,17
360,350.0,350.0,19.58150658533203,348.4196742175197,350.5294791771219,50,104,160
361,350.0,350.0,23.10738026950591,351.44295722475374,349.1659423129611,34,112,174
362,350.0,350.0,20.862850267550797,351.04690787243493,351.29682754613384,84,104,40
363,350.0,350.0,15.135599920228586,351.596169130555,349.5203940321044,112,192,197
364,350.0,350.0,21.70643071844072,351.6585135646177,349.8353472327685,73,163,183
365,350.0,350.0,13.468391230577778,348.925690324833,351.2742199573152,17,47,90
366,350.0,350.0,15.428378674994377,349.88840000011606,351.66292610112527,12,66,127
367,350.0,350.0,18.754662279397778,351.62982218630543,349.6514925842908,13,23,0
368,350.0,350.0,14.547018465721102,348.416876000266,349.4789470475624,18,32,0
369,350.0,350.0,26.071543175954723,349.3527458654143,351.53585151073906,46,62,1
370,350.0,350.0,25.873776099239883,351.6665676970842,349.98183715844715,24,11,6
371,350.0,350.0,18.750322266935235,348.35097335216204,349.7581552305754,9,3,0
372,350.0,350.0,26.068957669177035,349.6379040464223,348.3731428156779,41,138,176
373,350.0,350.0,15.99921651055804,351.3634698243626,350.9585029034022,54,76,115
374,350.0,350.0,24.32844399752036,348.3355327831742,349.9144040778435,34,86,140
375,350.0,350.0,11.827450434310526,349.85507556092494,351.66035378300427,58,119,164
376,350.0,350.0,16.220934992798572,351.54252265794497,350.63119064275713,71,161,187
377,350.0,350.0,16.16290419105284,351.6660709225664,350.04455848691833,29,10,3
378,350.0,350.0,22.994869950023073,348.3537173221555,350.2598675093329,35,25,16
379,350.0,350.0,16.696363116386323,349.94801327105256,351.6658556833625,60,48,36
